{
  "main": {
    "id": "c5e37209efe89a7a",
    "type": "split",
    "children": [
      {
        "id": "b8fa0d4a44b3f050",
        "type": "tabs",
        "children": [
          {
            "id": "3f4358e1b44da801",
            "type": "leaf",
            "state": {
              "type": "markdown",
              "state": {
                "file": "Práctica UD3 SERVIDOR DE APLICACIONES APACHE TOMCAT.md",
                "mode": "source",
                "source": false
              },
              "icon": "lucide-file",
              "title": "Práctica UD3 SERVIDOR DE APLICACIONES APACHE TOMCAT"
            }
          }
        ]
      }
    ],
    "direction": "vertical"
  },
  "left": {
    "id": "213b93efae0792ac",
    "type": "split",
    "children": [
      {
        "id": "55d352aa44f32dd6",
        "type": "tabs",
        "children": [
          {
            "id": "0f09c6c115052a4d",
            "type": "leaf",
            "state": {
              "type": "file-explorer",
              "state": {
                "sortOrder": "alphabetical",
                "autoReveal": false
              },
              "icon": "lucide-folder-closed",
              "title": "Files"
            }
          },
          {
            "id": "5e74b40afd9c2164",
            "type": "leaf",
            "state": {
              "type": "search",
              "state": {
                "query": "",
                "matchingCase": false,
                "explainSearch": false,
                "collapseAll": false,
                "extraContext": false,
                "sortOrder": "alphabetical"
              },
              "icon": "lucide-search",
              "title": "Search"
            }
          },
          {
            "id": "2913818d4495399e",
            "type": "leaf",
            "state": {
              "type": "bookmarks",
              "state": {},
              "icon": "lucide-bookmark",
              "title": "Bookmarks"
            }
          }
        ]
      }
    ],
    "direction": "horizontal",
    "width": 200
  },
  "right": {
    "id": "dd2f34e6348c3284",
    "type": "split",
    "children": [
      {
        "id": "512d5710fc03cdff",
        "type": "tabs",
        "children": [
          {
            "id": "1489f26e4e9e545a",
            "type": "leaf",
            "state": {
              "type": "backlink",
              "state": {
                "file": "Práctica UD3 SERVIDOR DE APLICACIONES APACHE TOMCAT.md",
                "collapseAll": false,
                "extraContext": false,
                "sortOrder": "alphabetical",
                "showSearch": false,
                "searchQuery": "",
                "backlinkCollapsed": false,
                "unlinkedCollapsed": true
              },
              "icon": "links-coming-in",
              "title": "Backlinks for Práctica UD3 SERVIDOR DE APLICACIONES APACHE TOMCAT"
            }
          },
          {
            "id": "27857e83a5419c0d",
            "type": "leaf",
            "state": {
              "type": "outgoing-link",
              "state": {
                "file": "Práctica UD3 SERVIDOR DE APLICACIONES APACHE TOMCAT.md",
                "linksCollapsed": false,
                "unlinkedCollapsed": true
              },
              "icon": "links-going-out",
              "title": "Outgoing links from Práctica UD3 SERVIDOR DE APLICACIONES APACHE TOMCAT"
            }
          },
          {
            "id": "4595fefcfab65b9f",
            "type": "leaf",
            "state": {
              "type": "tag",
              "state": {
                "sortOrder": "frequency",
                "useHierarchy": true,
                "showSearch": false,
                "searchQuery": ""
              },
              "icon": "lucide-tags",
              "title": "Tags"
            }
          },
          {
            "id": "da68a88c2590160e",
            "type": "leaf",
            "state": {
              "type": "all-properties",
              "state": {
                "sortOrder": "frequency",
                "showSearch": false,
                "searchQuery": ""
              },
              "icon": "lucide-archive",
              "title": "All properties"
            }
          },
          {
            "id": "387582867ba9802d",
            "type": "leaf",
            "state": {
              "type": "outline",
              "state": {
                "file": "Práctica UD3 SERVIDOR DE APLICACIONES APACHE TOMCAT.md",
                "followCursor": false,
                "showSearch": false,
                "searchQuery": ""
              },
              "icon": "lucide-list",
              "title": "Outline of Práctica UD3 SERVIDOR DE APLICACIONES APACHE TOMCAT"
            }
          }
        ]
      }
    ],
    "direction": "horizontal",
    "width": 300,
    "collapsed": true
  },
  "left-ribbon": {
    "hiddenItems": {
      "switcher:Open quick switcher": false,
      "graph:Open graph view": false,
      "canvas:Create new canvas": false,
      "daily-notes:Open today's daily note": false,
      "templates:Insert template": false,
      "command-palette:Open command palette": false,
      "bases:Create new base": false
    }
  },
  "active": "3f4358e1b44da801",
  "lastOpenFiles": [
    "Untitled.md",
    "Práctica UD3 SERVIDOR DE APLICACIONES APACHE TOMCAT.md",
    "tomcat_desde_code.png",
    "certificado_linux.png",
    "extension_community_server_connectors.png",
    "proyecto_maven.png",
    "extension_code.png",
    "keystore.png",
    "sample_linux_2.png",
    "sample_linux.png",
    "host-manager_linux.png",
    "manager_linux.png",
    "Untitled"
  ]
}